category1,category2,product_link
Motion Groups,,https://www.barcalounger.com/?post_type=product_variation&p=16157
Motion Groups,,https://www.barcalounger.com/?post_type=product_variation&p=16156
Motion Groups,,https://www.barcalounger.com/?post_type=product_variation&p=16155
Motion Groups,,https://www.barcalounger.com/?post_type=product_variation&p=16123
Motion Groups,,https://www.barcalounger.com/?post_type=product_variation&p=16124
Motion Groups,,https://www.barcalounger.com/?post_type=product_variation&p=16125
Motion Groups,,https://www.barcalounger.com/?post_type=product_variation&p=20013
Motion Groups,,https://www.barcalounger.com/?post_type=product_variation&p=20014
Motion Groups,,https://www.barcalounger.com/?post_type=product_variation&p=20015
Motion Groups,,https://www.barcalounger.com/?post_type=product_variation&p=18156
Motion Groups,,https://www.barcalounger.com/?post_type=product_variation&p=18157
Motion Groups,,https://www.barcalounger.com/?post_type=product_variation&p=12584
Motion Groups,,https://www.barcalounger.com/?post_type=product_variation&p=12583
Motion Groups,,https://www.barcalounger.com/?post_type=product_variation&p=12582
Motion Groups,,https://www.barcalounger.com/?post_type=product_variation&p=12581
Motion Groups,,https://www.barcalounger.com/?post_type=product_variation&p=14948
Motion Groups,,https://www.barcalounger.com/?post_type=product_variation&p=14947
Motion Groups,,https://www.barcalounger.com/?post_type=product_variation&p=14946
Motion Groups,,https://www.barcalounger.com/?post_type=product_variation&p=5109
Motion Groups,,https://www.barcalounger.com/?post_type=product_variation&p=5110
Motion Groups,,https://www.barcalounger.com/?post_type=product_variation&p=5111
Motion Groups,,https://www.barcalounger.com/?post_type=product_variation&p=6584
Motion Groups,,https://www.barcalounger.com/?post_type=product_variation&p=6585
Motion Groups,,https://www.barcalounger.com/?post_type=product_variation&p=6586
Motion Groups,,https://www.barcalounger.com/?post_type=product_variation&p=6588
Motion Groups,,https://www.barcalounger.com/?post_type=product_variation&p=6589
Motion Groups,,https://www.barcalounger.com/?post_type=product_variation&p=6590
Motion Groups,,https://www.barcalounger.com/?post_type=product_variation&p=6592
Motion Groups,,https://www.barcalounger.com/?post_type=product_variation&p=6593
Motion Groups,,https://www.barcalounger.com/?post_type=product_variation&p=6594
Motion Groups,,https://www.barcalounger.com/?post_type=product_variation&p=16102
Motion Groups,,https://www.barcalounger.com/?post_type=product_variation&p=16103
Motion Groups,,https://www.barcalounger.com/?post_type=product_variation&p=16104
Motion Groups,,https://www.barcalounger.com/?post_type=product_variation&p=19072
Motion Groups,,https://www.barcalounger.com/?post_type=product_variation&p=19073
Motion Groups,,https://www.barcalounger.com/?post_type=product_variation&p=19074
Motion Groups,,https://www.barcalounger.com/?post_type=product_variation&p=19512
Motion Groups,,https://www.barcalounger.com/?post_type=product_variation&p=19513
Motion Groups,,https://www.barcalounger.com/?post_type=product_variation&p=19514
Motion Groups,,https://www.barcalounger.com/?post_type=product_variation&p=19381
Motion Groups,,https://www.barcalounger.com/?post_type=product_variation&p=19382
Motion Groups,,https://www.barcalounger.com/?post_type=product_variation&p=19383
Motion Groups,,https://www.barcalounger.com/?post_type=product_variation&p=19384
Motion Groups,,https://www.barcalounger.com/?post_type=product_variation&p=19385
Motion Groups,,https://www.barcalounger.com/?post_type=product_variation&p=19386
Motion Groups,,https://www.barcalounger.com/?post_type=product_variation&p=16342
Motion Groups,,https://www.barcalounger.com/?post_type=product_variation&p=16343
Motion Groups,,https://www.barcalounger.com/?post_type=product_variation&p=16344
Motion Groups,,https://www.barcalounger.com/?post_type=product_variation&p=16345
Motion Groups,,https://www.barcalounger.com/?post_type=product_variation&p=16346
Motion Groups,,https://www.barcalounger.com/?post_type=product_variation&p=16347
Motion Groups,,https://www.barcalounger.com/?post_type=product_variation&p=18176
Motion Groups,,https://www.barcalounger.com/?post_type=product_variation&p=6654
Motion Groups,,https://www.barcalounger.com/?post_type=product_variation&p=6655
Motion Groups,,https://www.barcalounger.com/?post_type=product_variation&p=6653
Motion Groups,,https://www.barcalounger.com/?post_type=product_variation&p=18177
Motion Groups,,https://www.barcalounger.com/?post_type=product_variation&p=18178
Motion Groups,,https://www.barcalounger.com/?post_type=product_variation&p=12718
Motion Groups,,https://www.barcalounger.com/?post_type=product_variation&p=12716
Motion Groups,,https://www.barcalounger.com/?post_type=product_variation&p=12715
Motion Groups,,https://www.barcalounger.com/?post_type=product_variation&p=12714
Motion Groups,,https://www.barcalounger.com/?post_type=product_variation&p=12713
Motion Groups,,https://www.barcalounger.com/?post_type=product_variation&p=12712
Motion Groups,,https://www.barcalounger.com/?post_type=product_variation&p=5434
Motion Groups,,https://www.barcalounger.com/?post_type=product_variation&p=5433
Motion Groups,,https://www.barcalounger.com/?post_type=product_variation&p=5435
Motion Groups,,https://www.barcalounger.com/?post_type=product_variation&p=5437
Motion Groups,,https://www.barcalounger.com/?post_type=product_variation&p=5436
Motion Groups,,https://www.barcalounger.com/?post_type=product_variation&p=5438
Motion Groups,,https://www.barcalounger.com/?post_type=product_variation&p=19107
Motion Groups,,https://barcalounger.com/?post_type=product&p=1066
Motion Groups,,https://barcalounger.com/?post_type=product&p=1066
Motion Groups,,https://barcalounger.com/?post_type=product&p=1066
Motion Groups,,https://www.barcalounger.com/view-all-options/warrendale/
Motion Groups,,https://www.barcalounger.com/view-all-options/warrendale/
Motion Groups,,https://www.barcalounger.com/view-all-options/warrendale/
Recliners,Big and Tall,https://www.barcalounger.com/view-all-options/anaheim-power-recline
Recliners,Big and Tall,https://www.barcalounger.com/view-all-options/anaheim-power-recline
Recliners,Big and Tall,https://www.barcalounger.com/view-all-options/anaheim-power-recline
Recliners,Big and Tall,https://www.barcalounger.com/view-all-options/anaheim-power-recline
Recliners,Big and Tall,https://www.barcalounger.com/view-all-options/anaheim-power-recline
Recliners,Big and Tall,https://www.barcalounger.com/view-all-options/anaheim-power-recline
Recliners,Big and Tall,https://www.barcalounger.com/view-all-options/anaheim-power-recline
Recliners,Big and Tall,https://www.barcalounger.com/view-all-options/blair-power-recline
Recliners,Big and Tall,https://www.barcalounger.com/view-all-options/blair-power-recline
Recliners,Big and Tall,https://www.barcalounger.com/view-all-options/blair-power-recline
Recliners,Big and Tall,https://www.barcalounger.com/view-all-options/blair-power-recline
Recliners,Big and Tall,https://www.barcalounger.com/view-all-options/byron
Recliners,Big and Tall,https://www.barcalounger.com/view-all-options/conrad
Recliners,Big and Tall,https://www.barcalounger.com/view-all-options/conrad
Recliners,Big and Tall,https://www.barcalounger.com/view-all-options/durham-power-recline
Recliners,Big and Tall,https://www.barcalounger.com/view-all-options/durham-power-recline
Recliners,Big and Tall,https://www.barcalounger.com/view-all-options/durham-power-recline
Recliners,Big and Tall,https://www.barcalounger.com/view-all-options/smithfield
Recliners,Handle Activated Recliners,https://www.barcalounger.com/view-all-options/braxton
Recliners,Handle Activated Recliners,https://www.barcalounger.com/view-all-options/braxton
Recliners,Handle Activated Recliners,https://www.barcalounger.com/view-all-options/crews-manual-recline
Recliners,Handle Activated Recliners,https://www.barcalounger.com/view-all-options/crews-manual-recline
Recliners,Handle Activated Recliners,https://www.barcalounger.com/view-all-options/crews-manual-recline
Recliners,Handle Activated Recliners,https://www.barcalounger.com/view-all-options/duffy
Recliners,Handle Activated Recliners,https://www.barcalounger.com/view-all-options/duffy
Recliners,Handle Activated Recliners,https://www.barcalounger.com/view-all-options/duffy
Recliners,Handle Activated Recliners,https://www.barcalounger.com/view-all-options/harlee
Recliners,Handle Activated Recliners,https://www.barcalounger.com/view-all-options/harlee
Recliners,Handle Activated Recliners,https://www.barcalounger.com/view-all-options/traci
Recliners,Push Through the Arms,https://www.barcalounger.com/view-all-options/amara-recliner
Recliners,Push Through the Arms,https://www.barcalounger.com/view-all-options/amelia-kids-recliner-2
Recliners,Push Through the Arms,https://www.barcalounger.com/view-all-options/amelia-kids-recliner-2
Recliners,Push Through the Arms,https://www.barcalounger.com/view-all-options/amelia-kids-recliner-2
Recliners,Push Through the Arms,https://www.barcalounger.com/view-all-options/ashebrooke
Recliners,Push Through the Arms,https://www.barcalounger.com/view-all-options/ashebrooke
Recliners,Push Through the Arms,https://www.barcalounger.com/view-all-options/ashebrooke
Recliners,Push Through the Arms,https://www.barcalounger.com/view-all-options/ashebrooke
Recliners,Push Through the Arms,https://www.barcalounger.com/view-all-options/ashebrooke
Recliners,Push Through the Arms,https://www.barcalounger.com/view-all-options/ashebrooke
Recliners,Push Through the Arms,https://www.barcalounger.com/view-all-options/ashebrooke
Recliners,Push Through the Arms,https://www.barcalounger.com/view-all-options/ashebrooke
Recliners,Push Through the Arms,https://www.barcalounger.com/view-all-options/ashebrooke
Recliners,Push Through the Arms,https://www.barcalounger.com/view-all-options/ashebrooke
Recliners,Push Through the Arms,https://www.barcalounger.com/view-all-options/ashland-b
Recliners,Push Through the Arms,https://www.barcalounger.com/view-all-options/ashland-b
Recliners,Push Through the Arms,https://www.barcalounger.com/view-all-options/ashland-b
Recliners,Push Through the Arms,https://www.barcalounger.com/view-all-options/briarwood
Recliners,Push Through the Arms,https://www.barcalounger.com/view-all-options/briarwood
Recliners,Push Through the Arms,https://www.barcalounger.com/view-all-options/briarwood
Recliners,Push Through the Arms,https://www.barcalounger.com/view-all-options/briarwood
Recliners,Push Through the Arms,https://www.barcalounger.com/view-all-options/charlotte-manual-recline
Recliners,Push Through the Arms,https://www.barcalounger.com/view-all-options/churchill-manual-recline
Recliners,Push Through the Arms,https://www.barcalounger.com/view-all-options/churchill-manual-recline
Recliners,Push Through the Arms,https://www.barcalounger.com/view-all-options/churchill-manual-recline
Recliners,Push Through the Arms,https://www.barcalounger.com/view-all-options/churchill-manual-recline
Recliners,Push Through the Arms,https://www.barcalounger.com/view-all-options/danbury
Recliners,Push Through the Arms,https://www.barcalounger.com/view-all-options/danbury
Recliners,Push Through the Arms,https://www.barcalounger.com/view-all-options/dawson
Recliners,Push Through the Arms,https://www.barcalounger.com/view-all-options/dawson
Recliners,Push Through the Arms,https://www.barcalounger.com/view-all-options/dawson
Recliners,Push Through the Arms,https://www.barcalounger.com/view-all-options/dawson
Recliners,Push Through the Arms,https://www.barcalounger.com/view-all-options/dawson
Recliners,Push Through the Arms,https://www.barcalounger.com/view-all-options/ewing-kids-recliner
Recliners,Push Through the Arms,https://www.barcalounger.com/view-all-options/ewing-kids-recliner
Recliners,Push Through the Arms,https://www.barcalounger.com/view-all-options/ewing-kids-recliner
Recliners,Push Through the Arms,https://www.barcalounger.com/view-all-options/ewing-kids-recliner
Recliners,Push Through the Arms,https://www.barcalounger.com/view-all-options/hampton-b
Recliners,Push Through the Arms,https://www.barcalounger.com/view-all-options/hampton-g
Recliners,Push Through the Arms,https://www.barcalounger.com/view-all-options/hampton
Recliners,Push Through the Arms,https://www.barcalounger.com/view-all-options/hampton
Recliners,Push Through the Arms,https://www.barcalounger.com/view-all-options/hampton
Recliners,Push Through the Arms,https://www.barcalounger.com/view-all-options/jamie-kids-recliner
Recliners,Push Through the Arms,https://www.barcalounger.com/view-all-options/jamie-kids-recliner
Recliners,Push Through the Arms,https://www.barcalounger.com/view-all-options/jamie-kids-recliner
Recliners,Push Through the Arms,https://www.barcalounger.com/view-all-options/kendall
Recliners,Push Through the Arms,https://www.barcalounger.com/view-all-options/kendall
Recliners,Push Through the Arms,https://www.barcalounger.com/view-all-options/lewiston-b
Recliners,Push Through the Arms,https://www.barcalounger.com/view-all-options/lewiston-b
Recliners,Push Through the Arms,https://www.barcalounger.com/view-all-options/logan-kids-recliner
Recliners,Push Through the Arms,https://www.barcalounger.com/view-all-options/logan-kids-recliner
Recliners,Push Through the Arms,https://www.barcalounger.com/view-all-options/logan-kids-recliner
Recliners,Push Through the Arms,https://www.barcalounger.com/view-all-options/logan-kids-recliner
Recliners,Push Through the Arms,https://www.barcalounger.com/view-all-options/longhorn
Recliners,Push Through the Arms,https://www.barcalounger.com/view-all-options/longhorn
Recliners,Push Through the Arms,https://www.barcalounger.com/view-all-options/longhorn
Recliners,Push Through the Arms,https://www.barcalounger.com/view-all-options/meade
Recliners,Push Through the Arms,https://www.barcalounger.com/view-all-options/meade
Recliners,Push Through the Arms,https://www.barcalounger.com/view-all-options/meade
Recliners,Push Through the Arms,https://www.barcalounger.com/view-all-options/meade
Recliners,Push Through the Arms,https://www.barcalounger.com/view-all-options/meade
Recliners,Push Through the Arms,https://www.barcalounger.com/view-all-options/meade
Recliners,Push Through the Arms,https://www.barcalounger.com/view-all-options/meade
Recliners,Push Through the Arms,https://www.barcalounger.com/view-all-options/melrose
Recliners,Push Through the Arms,https://www.barcalounger.com/view-all-options/melrose
Recliners,Push Through the Arms,https://www.barcalounger.com/view-all-options/melrose
Recliners,Push Through the Arms,https://www.barcalounger.com/view-all-options/melrose
Recliners,Push Through the Arms,https://www.barcalounger.com/view-all-options/melrose
Recliners,Push Through the Arms,https://www.barcalounger.com/view-all-options/mission
Recliners,Push Through the Arms,https://www.barcalounger.com/view-all-options/mission
Recliners,Push Through the Arms,https://www.barcalounger.com/view-all-options/mission
Recliners,Push Through the Arms,https://www.barcalounger.com/view-all-options/mission
Recliners,Push Through the Arms,https://www.barcalounger.com/view-all-options/mission
Recliners,Push Through the Arms,https://www.barcalounger.com/view-all-options/nixon-manual-recline
Recliners,Push Through the Arms,https://www.barcalounger.com/view-all-options/nixon-manual-recline
Recliners,Push Through the Arms,https://www.barcalounger.com/view-all-options/nixon-manual-recline
Recliners,Push Through the Arms,https://www.barcalounger.com/view-all-options/nixon-manual-recline
Recliners,Push Through the Arms,https://www.barcalounger.com/view-all-options/nixon-manual-recline
Recliners,Push Through the Arms,https://www.barcalounger.com/view-all-options/nixon-manual-recline
Recliners,Push Through the Arms,https://www.barcalounger.com/view-all-options/nixon-manual-recline
Recliners,Push Through the Arms,https://www.barcalounger.com/view-all-options/nixon-manual-recline
Recliners,Push Through the Arms,https://www.barcalounger.com/view-all-options/nixon-manual-recline
Recliners,Push Through the Arms,https://www.barcalounger.com/view-all-options/nixon-manual-recline
Recliners,Push Through the Arms,https://www.barcalounger.com/view-all-options/presidential
Recliners,Push Through the Arms,https://www.barcalounger.com/view-all-options/presidential
Recliners,Push Through the Arms,https://www.barcalounger.com/view-all-options/presidential
Recliners,Push Through the Arms,https://www.barcalounger.com/view-all-options/presidential
Recliners,Push Through the Arms,https://www.barcalounger.com/view-all-options/presidential
Recliners,Push Through the Arms,https://www.barcalounger.com/view-all-options/presidential
Recliners,Push Through the Arms,https://www.barcalounger.com/view-all-options/presidential
Recliners,Push Through the Arms,https://www.barcalounger.com/view-all-options/smithfield
Recliners,Push Through the Arms,https://www.barcalounger.com/view-all-options/thornfield
Recliners,Push Through the Arms,https://www.barcalounger.com/view-all-options/thornfield
Recliners,Push Through the Arms,https://www.barcalounger.com/view-all-options/thornfield
Recliners,Push Through the Arms,https://www.barcalounger.com/view-all-options/van-buren
Recliners,Push Through the Arms,https://www.barcalounger.com/view-all-options/van-buren
Recliners,Push Through the Arms,https://www.barcalounger.com/view-all-options/zoey
Recliners,Push Through the Arms,https://www.barcalounger.com/view-all-options/zoey
Recliners,Power Recliners,https://www.barcalounger.com/view-all-options/anaheim-power-recline
Recliners,Power Recliners,https://www.barcalounger.com/view-all-options/anaheim-power-recline
Recliners,Power Recliners,https://www.barcalounger.com/view-all-options/anaheim-power-recline
Recliners,Power Recliners,https://www.barcalounger.com/view-all-options/anaheim-power-recline
Recliners,Power Recliners,https://www.barcalounger.com/view-all-options/anaheim-power-recline
Recliners,Power Recliners,https://www.barcalounger.com/view-all-options/anaheim-power-recline
Recliners,Power Recliners,https://www.barcalounger.com/view-all-options/anaheim-power-recline
Recliners,Power Recliners,https://www.barcalounger.com/view-all-options/barrett-power-recline
Recliners,Power Recliners,https://www.barcalounger.com/view-all-options/barrett-power-recline
Recliners,Power Recliners,https://www.barcalounger.com/view-all-options/barrett-power-recline
Recliners,Power Recliners,https://www.barcalounger.com/view-all-options/blair-power-recline
Recliners,Power Recliners,https://www.barcalounger.com/view-all-options/blair-power-recline
Recliners,Power Recliners,https://www.barcalounger.com/view-all-options/blair-power-recline
Recliners,Power Recliners,https://www.barcalounger.com/view-all-options/blair-power-recline
Recliners,Power Recliners,https://www.barcalounger.com/view-all-options/byron
Recliners,Power Recliners,https://www.barcalounger.com/view-all-options/charlotte-power-recline
Recliners,Power Recliners,https://www.barcalounger.com/view-all-options/ciara
Recliners,Power Recliners,https://www.barcalounger.com/view-all-options/ciara
Recliners,Power Recliners,https://www.barcalounger.com/view-all-options/ciara
Recliners,Power Recliners,https://www.barcalounger.com/view-all-options/conrad
Recliners,Power Recliners,https://www.barcalounger.com/view-all-options/conrad
Recliners,Power Recliners,https://www.barcalounger.com/view-all-options/demara-power-recline
Recliners,Power Recliners,https://www.barcalounger.com/view-all-options/durham-power-recline
Recliners,Power Recliners,https://www.barcalounger.com/view-all-options/durham-power-recline
Recliners,Power Recliners,https://www.barcalounger.com/view-all-options/durham-power-recline
Recliners,Power Recliners,https://www.barcalounger.com/view-all-options/james-power-recline
Recliners,Power Recliners,https://www.barcalounger.com/view-all-options/james-power-recline
Recliners,Power Recliners,https://www.barcalounger.com/view-all-options/james-power-recline
Recliners,Power Recliners,https://www.barcalounger.com/view-all-options/james-power-recline
Recliners,Power Recliners,https://www.barcalounger.com/view-all-options/james-power-recline
Recliners,Power Recliners,https://www.barcalounger.com/view-all-options/jaxon
Recliners,Power Recliners,https://www.barcalounger.com/view-all-options/jaxon
Recliners,Power Recliners,https://www.barcalounger.com/view-all-options/langston-power-lift-recline
Recliners,Power Recliners,https://www.barcalounger.com/view-all-options/langston-power-lift-recline
Recliners,Power Recliners,https://www.barcalounger.com/view-all-options/leighton-power-lift-recline
Recliners,Power Recliners,https://www.barcalounger.com/view-all-options/leighton-power-lift-recline
Recliners,Power Recliners,https://www.barcalounger.com/view-all-options/leighton-power-lift-recline
Recliners,Power Recliners,https://www.barcalounger.com/view-all-options/lena-power-lift-recline
Recliners,Power Recliners,https://www.barcalounger.com/view-all-options/lena-power-lift-recline
Recliners,Power Recliners,https://www.barcalounger.com/view-all-options/levi-power-recline
Recliners,Power Recliners,https://www.barcalounger.com/view-all-options/levi-power-recline
Recliners,Power Recliners,https://www.barcalounger.com/view-all-options/lorence-power-lift-recline
Recliners,Power Recliners,https://www.barcalounger.com/view-all-options/luca-power-recline
Recliners,Power Recliners,https://www.barcalounger.com/view-all-options/luca-power-recline
Recliners,Power Recliners,https://www.barcalounger.com/view-all-options/lucas-power-lift-recline
Recliners,Power Recliners,https://www.barcalounger.com/view-all-options/lucas-power-lift-recline
Recliners,Power Recliners,https://www.barcalounger.com/view-all-options/luka-power-lift-recline
Recliners,Power Recliners,https://www.barcalounger.com/view-all-options/lyndon-power-lift-recline
Recliners,Power Recliners,https://www.barcalounger.com/view-all-options/mae
Recliners,Power Recliners,https://www.barcalounger.com/view-all-options/mae
Recliners,Power Recliners,https://www.barcalounger.com/view-all-options/mae
Recliners,Power Recliners,https://www.barcalounger.com/view-all-options/marconi-power-recline
Recliners,Power Recliners,https://www.barcalounger.com/view-all-options/munro-power-recline
Recliners,Power Recliners,https://www.barcalounger.com/view-all-options/philadelphia-power-recline
Recliners,Power Recliners,https://www.barcalounger.com/view-all-options/philadelphia-power-recline
Recliners,Power Recliners,https://www.barcalounger.com/view-all-options/remi
Recliners,Power Recliners,https://www.barcalounger.com/view-all-options/salem-power-recline
Recliners,Power Recliners,https://www.barcalounger.com/view-all-options/salem-power-recline
Recliners,Power Recliners,https://www.barcalounger.com/view-all-options/scottsdale-power-recline
Recliners,Power Recliners,https://www.barcalounger.com/view-all-options/tomas-power-recline
Recliners,Power Recliners,https://www.barcalounger.com/view-all-options/williamson-power-recline
Recliners,Power Recliners,https://www.barcalounger.com/view-all-options/woodmark
Recliners,Power Recliners,https://www.barcalounger.com/view-all-options/woodmark
Recliners,Power Rocker Recliners,https://www.barcalounger.com/view-all-options/demara-power-recline
Recliners,Power Rocker Recliners,https://www.barcalounger.com/view-all-options/woodmark
Recliners,Power Rocker Recliners,https://www.barcalounger.com/view-all-options/woodmark
Recliners,Swivel Glider Recliners,https://www.barcalounger.com/view-all-options/braxton
Recliners,Swivel Glider Recliners,https://www.barcalounger.com/view-all-options/braxton
Recliners,Swivel Glider Recliners,https://www.barcalounger.com/view-all-options/crews-manual-recline
Recliners,Swivel Glider Recliners,https://www.barcalounger.com/view-all-options/crews-manual-recline
Recliners,Swivel Glider Recliners,https://www.barcalounger.com/view-all-options/crews-manual-recline
Recliners,Swivel Glider Recliners,https://www.barcalounger.com/view-all-options/dawn
Recliners,Swivel Glider Recliners,https://www.barcalounger.com/view-all-options/dawn
Recliners,Swivel Glider Recliners,https://www.barcalounger.com/view-all-options/duffy
Recliners,Swivel Glider Recliners,https://www.barcalounger.com/view-all-options/duffy
Recliners,Swivel Glider Recliners,https://www.barcalounger.com/view-all-options/duffy
Recliners,Swivel Glider Recliners,https://www.barcalounger.com/view-all-options/harlee
Recliners,Swivel Glider Recliners,https://www.barcalounger.com/view-all-options/harlee
Recliners,Swivel Glider Recliners,https://www.barcalounger.com/view-all-options/mac
Recliners,Swivel Glider Recliners,https://www.barcalounger.com/view-all-options/mac
Recliners,Swivel Glider Recliners,https://www.barcalounger.com/view-all-options/marconi-power-recline
Recliners,Swivel Glider Recliners,https://www.barcalounger.com/view-all-options/munro-power-recline
Recliners,Swivel Glider Recliners,https://www.barcalounger.com/view-all-options/rhea
Recliners,Swivel Glider Recliners,https://www.barcalounger.com/view-all-options/rhea
Recliners,Swivel Glider Recliners,https://www.barcalounger.com/view-all-options/tegan
Recliners,Swivel Glider Recliners,https://www.barcalounger.com/view-all-options/tegan
Recliners,Swivel Glider Recliners,https://www.barcalounger.com/view-all-options/traci
Recliners,Swivel Power Recliners,https://www.barcalounger.com/view-all-options/maci
Recliners,Swivel Power Recliners,https://www.barcalounger.com/view-all-options/maci
Recliners,Swivel Power Recliners,https://www.barcalounger.com/view-all-options/mae
Recliners,Swivel Power Recliners,https://www.barcalounger.com/view-all-options/mae
Recliners,Swivel Power Recliners,https://www.barcalounger.com/view-all-options/mae
Recliners,Swivel Power Recliners,https://www.barcalounger.com/view-all-options/maple
Recliners,Swivel Power Recliners,https://www.barcalounger.com/view-all-options/maple
Recliners,Swivel Power Recliners,https://www.barcalounger.com/view-all-options/mara
Recliners,Swivel Power Recliners,https://www.barcalounger.com/view-all-options/mara
Recliners,Swivel Power Recliners,https://www.barcalounger.com/view-all-options/merit
Recliners,Swivel Power Recliners,https://www.barcalounger.com/view-all-options/merit
Recliners,Swivel Power Recliners,https://www.barcalounger.com/view-all-options/salem-power-recline
Recliners,Swivel Power Recliners,https://www.barcalounger.com/view-all-options/salem-power-recline
Recliners,Swivel Power Recliners,https://www.barcalounger.com/view-all-options/scottsdale-power-recline
Recliners,Zero Gravity,https://www.barcalounger.com/view-all-options/james-power-recline
Recliners,Zero Gravity,https://www.barcalounger.com/view-all-options/james-power-recline
Recliners,Zero Gravity,https://www.barcalounger.com/view-all-options/james-power-recline
Recliners,Zero Gravity,https://www.barcalounger.com/view-all-options/james-power-recline
Recliners,Zero Gravity,https://www.barcalounger.com/view-all-options/james-power-recline
Recliners,Zero Gravity,https://www.barcalounger.com/view-all-options/jaxon
Recliners,Zero Gravity,https://www.barcalounger.com/view-all-options/jaxon
Pedestal Chairs & Ottomans,,https://www.barcalounger.com/view-all-options/dawson
Pedestal Chairs & Ottomans,,https://www.barcalounger.com/view-all-options/dawson
Pedestal Chairs & Ottomans,,https://www.barcalounger.com/view-all-options/dawson
Pedestal Chairs & Ottomans,,https://www.barcalounger.com/view-all-options/dawson
Pedestal Chairs & Ottomans,,https://www.barcalounger.com/view-all-options/dawson
Pedestal Chairs & Ottomans,,https://www.barcalounger.com/view-all-options/jacque
Pedestal Chairs & Ottomans,,https://www.barcalounger.com/view-all-options/jacque
Pedestal Chairs & Ottomans,,https://www.barcalounger.com/view-all-options/jacque
Pedestal Chairs & Ottomans,,https://www.barcalounger.com/view-all-options/jacque
Pedestal Chairs & Ottomans,,https://www.barcalounger.com/view-all-options/jacque
Pedestal Chairs & Ottomans,,https://www.barcalounger.com/view-all-options/jacque
Pedestal Chairs & Ottomans,,https://www.barcalounger.com/view-all-options/jacque
Pedestal Chairs & Ottomans,,https://www.barcalounger.com/view-all-options/roscoe
Pedestal Chairs & Ottomans,,https://www.barcalounger.com/view-all-options/roscoe
Pedestal Chairs & Ottomans,,https://www.barcalounger.com/view-all-options/roscoe
Pedestal Chairs & Ottomans,,https://www.barcalounger.com/view-all-options/roscoe
Pedestal Chairs & Ottomans,,https://www.barcalounger.com/view-all-options/william-pedestal-reclining-chair-and-storage-ottoman
Pedestal Chairs & Ottomans,,https://www.barcalounger.com/view-all-options/william-pedestal-reclining-chair-and-storage-ottoman
Pedestal Chairs & Ottomans,,https://www.barcalounger.com/view-all-options/william-pedestal-reclining-chair-and-storage-ottoman
Lift Chairs,,https://www.barcalounger.com/view-all-options/lance-power-lift-recline
Lift Chairs,,https://www.barcalounger.com/view-all-options/lance-power-lift-recline
Lift Chairs,,https://www.barcalounger.com/view-all-options/langston-power-lift-recline
Lift Chairs,,https://www.barcalounger.com/view-all-options/langston-power-lift-recline
Lift Chairs,,https://www.barcalounger.com/view-all-options/leighton-power-lift-recline
Lift Chairs,,https://www.barcalounger.com/view-all-options/leighton-power-lift-recline
Lift Chairs,,https://www.barcalounger.com/view-all-options/leighton-power-lift-recline
Lift Chairs,,https://www.barcalounger.com/view-all-options/lena-power-lift-recline
Lift Chairs,,https://www.barcalounger.com/view-all-options/lena-power-lift-recline
Lift Chairs,,https://www.barcalounger.com/view-all-options/lloyd-power-lift-recline
Lift Chairs,,https://www.barcalounger.com/view-all-options/lloyd-power-lift-recline
Lift Chairs,,https://www.barcalounger.com/view-all-options/longview-power-lift-recline
Lift Chairs,,https://www.barcalounger.com/view-all-options/longview-power-lift-recline
Lift Chairs,,https://www.barcalounger.com/view-all-options/lorence-power-lift-recline
Lift Chairs,,https://www.barcalounger.com/view-all-options/louisville-power-lift-recline
Lift Chairs,,https://www.barcalounger.com/view-all-options/lucas-power-lift-recline
Lift Chairs,,https://www.barcalounger.com/view-all-options/lucas-power-lift-recline
Lift Chairs,,https://www.barcalounger.com/view-all-options/luka-power-lift-recline
Lift Chairs,,https://www.barcalounger.com/view-all-options/lyndon-power-lift-recline
Sectionals,,https://www.barcalounger.com/view-all-options/monico
Kid’s Recliners,,https://www.barcalounger.com/view-all-options/amelia-kids-recliner-2
Kid’s Recliners,,https://www.barcalounger.com/view-all-options/amelia-kids-recliner-2
Kid’s Recliners,,https://www.barcalounger.com/view-all-options/amelia-kids-recliner-2
Kid’s Recliners,,https://www.barcalounger.com/view-all-options/ewing-kids-recliner
Kid’s Recliners,,https://www.barcalounger.com/view-all-options/ewing-kids-recliner
Kid’s Recliners,,https://www.barcalounger.com/view-all-options/ewing-kids-recliner
Kid’s Recliners,,https://www.barcalounger.com/view-all-options/ewing-kids-recliner
Kid’s Recliners,,https://www.barcalounger.com/view-all-options/jacey-kids-recliner
Kid’s Recliners,,https://www.barcalounger.com/view-all-options/jamie-kids-recliner
Kid’s Recliners,,https://www.barcalounger.com/view-all-options/jamie-kids-recliner
Kid’s Recliners,,https://www.barcalounger.com/view-all-options/jamie-kids-recliner
Kid’s Recliners,,https://www.barcalounger.com/view-all-options/logan-kids-recliner
Kid’s Recliners,,https://www.barcalounger.com/view-all-options/logan-kids-recliner
Kid’s Recliners,,https://www.barcalounger.com/view-all-options/logan-kids-recliner
Kid’s Recliners,,https://www.barcalounger.com/view-all-options/logan-kids-recliner
